san,so_mat_hang_khac_nhau,gia_ban_trung_binh_vnd,gia_ban_trung_vi_vnd
Lotte Mart,3808,80783.5231092437,51000.0
BHX,3000,78867.96066666667,47000.0
Tiki,3000,207623.467,124651.0
WinMart,3000,270095.60070194385,108000.0
