,count,mean,std,min,25%,50%,75%,max
support,245.0,0.06834797210023244,0.035457456099486036,0.0142405063291139,0.0411392405063291,0.0685654008438818,0.0917721518987341,0.1815664556962025
confidence,245.0,0.5117876207392825,0.14423173756426272,0.3,0.4354539839407041,0.4916615194564545,0.5659068384539148,0.8510948905109489
lift,245.0,3.507954667539275,0.10477454449851313,3.177653631284916,3.4727118284136766,3.5190601480756283,3.561217016589532,3.9168994413407834
