nen_tang,so_hoa_don,gia_tri_hoa_don_trung_binh,tong_thanh_toan,so_mat_hang_trung_binh,tong_so_luong_trung_binh
BHX,2200,1366414.5454545454,3006112000,8.54,12.397272727272727
Lotte,2200,968036.5909090909,2129680500,8.409090909090908,14.428181818181818
Tiki,2200,1548398.8636363635,3406477500,8.542272727272728,11.865454545454545
WinMart,2200,1672857.5,3680286500,8.429545454545455,14.712727272727273
hxhv,2200,795047.5,1749104500,8.48,14.491363636363637
